timestamp,pm10,pm25,carbon_monoxide,nitrogen_dioxide,temperature,humidity,wind_speed,aqi
2024-07-20,110.18333333333334,35.30833333333333,266.2916666666667,15.708333333333334,32.829166666666666,70.66666666666667,13.758333333333333,108
2024-07-21,80.56666666666666,36.62083333333333,347.75,18.320833333333333,33.270833333333336,69.25,10.804166666666667,178
2024-07-22,65.31666666666666,24.995833333333334,232.79166666666666,10.941666666666668,31.912499999999998,77.41666666666667,21.216666666666665,103
2024-07-23,85.7375,25.5,186.33333333333334,8.416666666666666,30.883333333333336,77.375,24.766666666666666,78
2024-07-24,134.30833333333334,31.045833333333334,174.75,7.708333333333333,30.587500000000002,76.375,25.125,94
2024-07-25,152.17083333333332,34.375,177.91666666666666,8.704166666666667,30.71666666666667,76.25,20.758333333333333,98
2024-07-26,137.06666666666666,33.32083333333333,174.125,8.058333333333334,31.195833333333336,76.16666666666667,21.866666666666664,102
2024-07-27,150.65,33.5625,169.54166666666666,7.766666666666667,31.245833333333334,73.875,22.495833333333334,97
2024-07-28,174.8166666666667,38.96666666666667,218.25,12.704166666666666,31.070833333333336,73.95833333333333,14.858333333333334,116
2024-07-29,164.87083333333334,34.78333333333333,237.54166666666666,14.9,30.425,76.54166666666667,12.129166666666668,112
2024-07-30,95.8,30.162499999999998,260.0833333333333,16.683333333333334,29.15416666666667,84.79166666666667,9.658333333333333,105
2024-07-31,35.979166666666664,17.349999999999998,263.75,16.4375,29.15833333333333,86.04166666666667,13.491666666666667,89
2024-08-01,55.625,21.920833333333334,192.04166666666666,9.595833333333333,29.504166666666666,82.83333333333333,27.858333333333334,70
2024-08-02,94.05416666666667,26.40833333333333,188.58333333333334,10.666666666666666,29.304166666666664,84.20833333333333,22.754166666666666,82
2024-08-03,116.32916666666667,32.11666666666667,231.95833333333334,15.495833333333332,29.245833333333334,81.70833333333333,19.5,93
2024-08-04,138.27083333333334,33.90833333333333,239.04166666666666,14.891666666666666,28.854166666666668,82.79166666666667,16.108333333333334,96
2024-08-05,113.37083333333334,28.191666666666666,220.70833333333334,13.379166666666668,28.599999999999998,82.29166666666667,13.137500000000001,98
2024-08-06,85.02916666666667,23.004166666666666,206.91666666666666,12.929166666666667,28.358333333333334,83.20833333333333,17.6125,84
2024-08-07,73.25833333333334,20.316666666666666,167.45833333333334,7.4624999999999995,28.849999999999998,77.66666666666667,27.066666666666666,73
2024-08-08,66.60833333333333,20.079166666666666,185.5,8.541666666666666,29.28333333333333,75.79166666666667,22.041666666666668,69
2024-08-09,65.72500000000001,18.329166666666666,186.41666666666666,8.295833333333333,29.625,75.375,22.183333333333334,67
2024-08-10,55.333333333333336,16.116666666666667,154.95833333333334,6.658333333333334,29.770833333333332,74.29166666666667,28.316666666666666,63
2024-08-11,52.1875,15.85,156.25,6.8625,29.041666666666668,79.0,29.770833333333332,59
2024-08-12,87.15833333333335,18.837500000000002,179.45833333333334,9.1875,28.962500000000002,81.08333333333333,21.78333333333333,66
2024-08-13,87.79583333333333,17.1125,194.5,10.458333333333334,29.429166666666664,80.04166666666667,17.008333333333333,66
2024-08-14,117.72083333333335,18.441666666666666,173.0,8.066666666666666,29.483333333333334,78.20833333333333,18.808333333333334,86
2024-08-15,82.10416666666667,19.037499999999998,170.79166666666666,7.1625000000000005,29.1875,79.83333333333333,21.066666666666666,81
2024-08-16,65.46666666666667,19.254166666666666,167.79166666666666,7.9125000000000005,28.729166666666668,79.875,19.079166666666666,67
2024-08-17,78.07083333333334,20.783333333333335,192.45833333333334,11.083333333333334,29.008333333333336,77.20833333333333,16.166666666666668,68
2024-08-18,72.47083333333333,20.179166666666667,202.33333333333334,12.2875,29.025000000000002,77.41666666666667,17.991666666666667,70
2024-08-19,54.020833333333336,17.929166666666667,213.08333333333334,11.458333333333334,28.95,76.70833333333333,18.220833333333335,67
2024-08-20,43.074999999999996,16.395833333333332,193.0,8.920833333333333,29.270833333333332,74.375,22.587500000000002,63
2024-08-21,44.53333333333333,16.745833333333334,176.79166666666666,7.533333333333332,29.337500000000002,74.33333333333333,22.754166666666666,60
2024-08-22,63.59166666666667,18.883333333333333,178.04166666666666,7.791666666666667,30.05,70.625,20.720833333333335,66
2024-08-23,63.225,18.004166666666666,173.79166666666666,7.066666666666666,29.745833333333334,73.20833333333333,21.587500000000002,65
2024-08-24,79.80833333333334,21.133333333333333,176.79166666666666,7.304166666666667,29.441666666666666,74.41666666666667,21.804166666666664,69
2024-08-25,81.96249999999999,23.6875,170.45833333333334,6.6000000000000005,29.425,73.70833333333333,25.133333333333336,76
2024-08-26,68.47083333333333,21.233333333333334,192.875,9.945833333333335,29.666666666666668,73.5,23.679166666666664,75
2024-08-27,50.62083333333334,20.791666666666668,284.625,13.975,29.0,82.04166666666667,16.266666666666666,99
2024-08-28,17.604166666666668,11.629166666666668,364.9583333333333,17.325,27.537499999999998,86.75,17.758333333333333,69
2024-08-29,28.0625,15.520833333333334,354.3333333333333,20.045833333333334,27.587500000000002,88.83333333333333,19.545833333333334,57
2024-08-30,23.129166666666666,14.033333333333333,207.16666666666666,8.458333333333334,27.266666666666666,82.66666666666667,34.4375,58
2024-08-31,34.770833333333336,11.9,182.16666666666666,9.775,26.3,86.91666666666667,33.541666666666664,55
2024-09-01,41.204166666666666,14.025,260.2083333333333,14.875,26.991666666666664,88.08333333333333,15.608333333333334,54
2024-09-02,48.1625,15.362499999999999,302.875,21.270833333333332,27.016666666666666,87.0,9.016666666666667,59
2024-09-03,62.262499999999996,16.191666666666666,284.9583333333333,20.645833333333332,27.349999999999998,86.16666666666667,11.345833333333333,59
2024-09-04,63.40416666666667,18.883333333333333,241.41666666666666,17.7375,27.662499999999998,83.08333333333333,15.075000000000001,65
2024-09-05,40.666666666666664,16.816666666666666,194.16666666666666,10.858333333333334,27.974999999999998,83.54166666666667,22.087500000000002,65
2024-09-06,50.875,19.058333333333334,213.33333333333334,12.533333333333333,27.866666666666664,83.875,20.091666666666665,65
2024-09-07,49.925000000000004,17.479166666666668,227.41666666666666,14.225,27.508333333333336,83.04166666666667,15.362499999999999,65
2024-09-08,48.041666666666664,14.8375,229.5,14.454166666666666,27.491666666666664,84.54166666666667,15.549999999999999,62
2024-09-09,66.27916666666667,17.366666666666667,200.91666666666666,12.045833333333334,27.570833333333336,82.125,18.3,61
2024-09-10,90.07916666666667,24.695833333333336,234.125,14.254166666666668,27.545833333333334,82.58333333333333,16.545833333333334,76
2024-09-11,168.1875,37.17916666666667,247.45833333333334,14.575000000000001,27.541666666666668,82.54166666666667,14.508333333333333,106
2024-09-12,172.32916666666665,36.32083333333333,213.125,11.391666666666666,27.90416666666667,79.29166666666667,18.3875,111
2024-09-13,83.99583333333334,22.804166666666664,168.33333333333334,7.795833333333333,27.941666666666666,74.20833333333333,25.229166666666668,109
2024-09-14,74.40416666666667,23.266666666666666,169.375,7.716666666666666,28.195833333333336,71.625,25.90833333333333,75
2024-09-15,51.612500000000004,21.287499999999998,181.375,8.366666666666667,28.03333333333333,71.625,21.162499999999998,74
2024-09-16,50.7875,21.425,181.375,9.033333333333333,27.866666666666664,75.16666666666667,19.6875,71
2024-09-17,51.875,17.895833333333332,187.83333333333334,9.620833333333334,28.287499999999998,76.66666666666667,18.691666666666666,70
2024-09-18,47.61666666666667,16.008333333333333,205.70833333333334,11.0875,28.34166666666667,77.91666666666667,16.224999999999998,63
2024-09-19,57.03333333333333,17.054166666666667,221.41666666666666,13.987499999999999,28.1875,79.625,13.424999999999999,61
2024-09-20,53.354166666666664,16.679166666666667,220.04166666666666,12.65,28.212500000000002,80.45833333333333,16.741666666666667,61
2024-09-21,62.112500000000004,20.108333333333334,197.20833333333334,9.220833333333333,28.316666666666666,75.375,18.1625,67
2024-09-22,70.82916666666667,22.25,195.79166666666666,8.854166666666666,28.454166666666666,72.75,19.033333333333335,72
2024-09-23,62.324999999999996,20.4375,197.25,8.637500000000001,28.866666666666664,72.875,19.7625,72
2024-09-24,55.5375,19.5,192.75,8.983333333333333,28.9875,73.25,20.4375,68
2024-09-25,43.43333333333334,18.695833333333333,192.79166666666666,10.575000000000001,28.879166666666666,74.83333333333333,17.795833333333334,66
2024-09-26,47.775,18.650000000000002,200.08333333333334,10.866666666666667,29.079166666666666,74.41666666666667,17.445833333333333,65
2024-09-27,50.3125,17.954166666666666,179.70833333333334,8.404166666666667,29.099999999999998,75.70833333333333,22.212500000000002,64
2024-09-28,51.57916666666667,17.8875,177.375,8.1875,29.204166666666666,74.25,20.125,65
2024-09-29,64.3,17.154166666666665,182.29166666666666,9.841666666666667,28.733333333333334,74.41666666666667,16.695833333333333,63
2024-09-30,33.237500000000004,13.391666666666666,177.79166666666666,10.295833333333333,28.745833333333334,75.29166666666667,18.258333333333333,61
2024-10-01,24.541666666666668,11.529166666666667,204.0,10.458333333333334,28.912499999999998,77.16666666666667,19.283333333333335,53
2024-10-02,28.666666666666668,12.862499999999999,197.41666666666666,9.520833333333334,28.8875,78.95833333333333,20.566666666666666,51
2024-10-03,32.02916666666667,13.879166666666668,191.66666666666666,7.866666666666667,28.775000000000002,78.79166666666667,23.770833333333332,55
2024-10-04,35.050000000000004,15.458333333333334,180.875,7.279166666666666,28.679166666666664,79.70833333333333,24.212500000000002,57
2024-10-05,39.520833333333336,15.479166666666666,175.95833333333334,8.862499999999999,28.675,78.45833333333333,20.741666666666667,58
2024-10-06,46.93333333333334,17.179166666666667,222.5,12.579166666666666,28.391666666666666,77.79166666666667,13.625,61
2024-10-07,47.84583333333333,19.545833333333334,275.8333333333333,17.154166666666665,29.1125,67.66666666666667,11.475,91
2024-10-08,43.324999999999996,22.1125,337.4166666666667,20.075,31.162499999999998,48.708333333333336,13.916666666666666,111
2024-10-09,47.25416666666666,26.379166666666666,343.0416666666667,19.587500000000002,31.566666666666666,49.25,13.970833333333333,81
2024-10-10,49.32916666666667,27.070833333333336,445.25,27.983333333333334,30.96666666666667,55.583333333333336,11.979166666666666,96
2024-10-11,55.77916666666667,27.5125,455.5416666666667,25.329166666666666,31.65833333333333,45.916666666666664,12.5375,88
2024-10-12,79.75416666666666,41.22083333333333,481.8333333333333,23.308333333333334,30.508333333333336,58.458333333333336,10.141666666666667,173
2024-10-13,46.15,28.295833333333334,413.8333333333333,23.758333333333336,29.90416666666667,69.41666666666667,9.058333333333334,116
2024-10-14,38.074999999999996,24.704166666666666,370.375,19.145833333333332,30.599999999999998,61.416666666666664,8.0,85
2024-10-15,40.954166666666666,26.004166666666666,352.375,17.041666666666668,31.104166666666668,56.166666666666664,13.283333333333333,132
2024-10-16,35.083333333333336,21.666666666666668,315.9166666666667,14.695833333333333,30.770833333333332,64.45833333333333,14.304166666666667,110
2024-10-17,35.625,20.666666666666668,305.2083333333333,15.325000000000001,29.916666666666668,73.79166666666667,15.295833333333334,71
2024-10-18,35.78333333333333,22.3875,409.4583333333333,22.974999999999998,29.208333333333332,75.625,9.775,112
2024-10-19,41.6,25.6125,384.25,20.729166666666668,30.570833333333336,59.041666666666664,11.479166666666666,149
2024-10-20,39.275,23.508333333333336,390.9583333333333,21.125,30.691666666666666,58.041666666666664,12.612499999999999,121
2024-10-21,34.449999999999996,19.183333333333334,332.3333333333333,17.266666666666666,29.545833333333334,71.25,13.8125,100
2024-10-22,47.824999999999996,26.337500000000002,346.6666666666667,17.0625,29.733333333333334,66.5,12.958333333333334,105
2024-10-23,58.82083333333333,33.65833333333333,417.7916666666667,22.708333333333332,29.304166666666664,71.625,13.666666666666666,115
2024-10-24,46.012499999999996,24.650000000000002,516.9583333333334,29.191666666666666,30.020833333333332,58.583333333333336,10.129166666666666,141
2024-10-25,36.416666666666664,15.775,362.5,21.308333333333334,30.529166666666665,58.416666666666664,14.424999999999999,77
2024-10-26,47.9375,16.141666666666666,401.4166666666667,18.883333333333333,30.079166666666666,69.79166666666667,16.162499999999998,59
2024-10-27,77.10833333333333,26.979166666666668,794.5833333333334,27.0,30.125,67.33333333333333,10.75,80
2024-10-28,77.3,30.787499999999998,572.0833333333334,20.554166666666667,29.22083333333333,77.125,12.970833333333333,91
2024-10-29,119.19166666666666,41.36666666666667,579.0833333333334,17.679166666666667,28.679166666666664,81.41666666666667,12.970833333333333,114
2024-10-30,141.03333333333333,38.775,494.5416666666667,21.2375,28.254166666666666,82.83333333333333,14.345833333333333,123
2024-10-31,101.10833333333333,37.887499999999996,517.25,26.2,28.2375,78.625,11.1,108
2024-11-01,68.59166666666667,29.7375,463.5833333333333,25.354166666666668,28.650000000000002,72.45833333333333,13.379166666666668,106
2024-11-02,51.800000000000004,24.25,541.3333333333334,21.275000000000002,28.15833333333333,79.66666666666667,14.533333333333333,88
2024-11-03,59.10833333333334,27.40833333333333,749.5833333333334,29.420833333333334,27.462500000000002,82.83333333333333,8.879166666666666,85
2024-11-04,49.8125,25.795833333333334,729.5833333333334,31.041666666666668,27.287499999999998,74.91666666666667,10.049999999999999,99
2024-11-05,48.729166666666664,28.03333333333333,583.1666666666666,29.354166666666668,27.295833333333334,71.83333333333333,9.616666666666667,96
2024-11-06,42.55833333333333,25.708333333333332,626.625,28.770833333333332,27.545833333333334,71.79166666666667,11.008333333333333,86
2024-11-07,48.041666666666664,27.208333333333332,553.2916666666666,22.575,27.683333333333334,80.25,14.208333333333334,85
2024-11-08,39.56666666666667,19.483333333333334,776.2916666666666,20.420833333333334,28.075,77.375,12.108333333333334,82
2024-11-09,43.24166666666667,21.4875,642.75,24.683333333333334,27.3,77.95833333333333,11.0,70
2024-11-10,40.71666666666667,20.770833333333332,570.8333333333334,25.054166666666664,27.212500000000002,77.20833333333333,12.095833333333333,70
2024-11-11,48.275,23.425,806.0,26.145833333333332,27.02916666666667,77.625,10.5375,75
2024-11-12,59.9625,29.34166666666667,938.4583333333334,34.708333333333336,27.28333333333333,76.33333333333333,8.3,85
2024-11-13,56.675000000000004,41.454166666666666,803.4166666666666,42.641666666666666,27.1375,67.91666666666667,5.675,114
2024-11-14,45.604166666666664,37.97083333333333,754.0833333333334,38.22083333333333,26.84583333333333,61.125,6.829166666666667,115
2024-11-15,43.39166666666667,39.92916666666667,692.0,28.991666666666664,26.837500000000002,53.291666666666664,7.558333333333334,149
2024-11-16,38.574999999999996,33.59166666666667,807.125,28.983333333333334,26.7625,65.16666666666667,6.829166666666667,115
2024-11-17,40.09166666666667,30.454166666666666,917.875,31.65416666666667,26.641666666666666,68.70833333333333,6.779166666666666,96
2024-11-18,51.0375,42.112500000000004,972.2083333333334,42.925000000000004,27.204166666666666,54.875,7.404166666666666,114
2024-11-19,48.137499999999996,41.9625,929.6666666666666,40.458333333333336,26.90416666666667,53.458333333333336,7.545833333333333,130
2024-11-20,32.90833333333333,28.504166666666666,851.5416666666666,28.087500000000002,26.308333333333334,56.875,7.116666666666667,116
2024-11-21,36.016666666666666,32.6625,1046.75,35.833333333333336,25.766666666666666,66.45833333333333,6.466666666666666,97
2024-11-22,26.333333333333332,23.366666666666664,973.4583333333334,27.120833333333334,26.120833333333334,65.83333333333333,7.3999999999999995,94
2024-11-23,25.05,21.370833333333334,962.9583333333334,26.495833333333334,26.379166666666666,64.83333333333333,7.941666666666666,74
2024-11-24,33.80833333333333,28.870833333333334,1013.9583333333334,34.47083333333333,26.224999999999998,67.20833333333333,6.220833333333334,108
2024-11-25,46.525,40.729166666666664,959.2916666666666,53.52916666666667,25.833333333333332,52.958333333333336,6.791666666666667,122
2024-11-26,48.62083333333334,41.99583333333333,1009.1666666666666,48.99166666666667,25.558333333333334,58.291666666666664,6.1375,137
2024-11-27,38.0375,28.46666666666667,1102.5,40.65416666666667,26.066666666666666,71.08333333333333,6.175,116
2024-11-28,43.24583333333334,36.225,1461.4583333333333,44.0,25.891666666666666,75.125,5.245833333333334,106
2024-11-29,32.199999999999996,25.770833333333332,869.875,33.40833333333333,25.508333333333336,73.33333333333333,6.0375000000000005,102
2024-11-30,40.737500000000004,37.375,829.125,37.74583333333333,25.895833333333332,56.0,7.8500000000000005,103
2024-12-01,52.699999999999996,50.237500000000004,1113.7916666666667,36.87083333333333,24.820833333333336,42.333333333333336,7.145833333333333,136
2024-12-02,44.833333333333336,42.17916666666667,938.7916666666666,36.608333333333334,25.079166666666666,39.333333333333336,6.916666666666667,137
2024-12-03,47.625,43.74583333333334,613.4166666666666,15.908333333333333,25.337500000000002,43.541666666666664,11.220833333333333,124
2024-12-04,53.90416666666667,47.73333333333333,701.7083333333334,15.441666666666668,25.454166666666666,42.25,12.808333333333332,130
2024-12-05,58.88333333333333,50.04583333333333,1093.7083333333333,28.925,24.0625,49.625,6.920833333333333,138
2024-12-06,57.38333333333333,36.65833333333333,1179.2916666666667,38.44166666666667,23.45,56.916666666666664,6.291666666666667,136
2024-12-07,35.27916666666667,32.1,828.8333333333334,47.34583333333333,22.629166666666666,32.583333333333336,6.979166666666667,103
2024-12-08,38.975,29.204166666666666,460.8333333333333,37.920833333333334,22.291666666666668,13.833333333333334,11.012500000000001,101
2024-12-09,37.145833333333336,25.866666666666664,1039.25,35.6625,20.395833333333332,22.375,7.7375,87
2024-12-10,32.46666666666667,29.6875,1030.7916666666667,28.3,20.425,26.541666666666668,6.945833333333333,86
2024-12-11,44.94166666666666,39.949999999999996,1033.5833333333333,43.225,20.170833333333334,31.0,5.945833333333333,111
2024-12-12,32.88333333333333,28.616666666666664,643.6666666666666,33.59583333333333,19.604166666666668,29.666666666666668,8.033333333333333,112
2024-12-13,20.662499999999998,17.525000000000002,535.875,14.125,19.154166666666665,25.958333333333332,13.450000000000001,85
2024-12-14,28.916666666666668,27.733333333333334,695.0,15.8375,19.870833333333334,26.083333333333332,11.924999999999999,84
2024-12-15,26.129166666666666,25.416666666666668,883.75,29.008333333333336,19.375,28.5,7.779166666666666,91
2024-12-16,29.162499999999998,28.804166666666664,1062.3333333333333,38.32083333333333,20.287499999999998,31.166666666666668,6.504166666666666,85
2024-12-17,57.074999999999996,38.09166666666666,904.0833333333334,28.6375,20.104166666666668,35.583333333333336,6.0249999999999995,114
2024-12-18,41.65,36.87916666666667,729.75,21.420833333333334,20.820833333333333,27.708333333333332,8.270833333333334,106
2024-12-19,43.93333333333334,39.72083333333333,928.5,27.116666666666664,19.845833333333335,33.625,6.870833333333334,112
2024-12-20,33.6,29.941666666666666,777.6666666666666,20.825,19.425,32.125,9.995833333333334,111
2024-12-21,41.824999999999996,40.208333333333336,790.5416666666666,18.454166666666666,18.675,30.041666666666668,10.275,116
2024-12-22,53.6875,47.19166666666666,1076.875,26.879166666666666,18.733333333333334,42.791666666666664,7.470833333333334,131
2024-12-23,70.54583333333333,56.76666666666667,1171.0,40.699999999999996,19.370833333333334,55.333333333333336,6.3999999999999995,150
2024-12-24,69.425,68.07916666666667,880.2916666666666,20.116666666666667,19.095833333333335,36.875,9.933333333333334,157
2024-12-25,67.75833333333334,66.79166666666667,878.3333333333334,14.9,18.675,39.916666666666664,11.266666666666666,157
2024-12-26,60.979166666666664,59.362500000000004,838.4583333333334,17.258333333333333,18.904166666666665,37.791666666666664,11.033333333333333,157
2024-12-27,43.775,42.3125,1341.8333333333333,28.004166666666666,18.858333333333334,36.083333333333336,6.816666666666666,152
2024-12-28,27.349999999999998,25.412499999999998,976.8333333333334,34.4375,18.620833333333334,31.416666666666668,7.070833333333333,117
2024-12-29,31.458333333333332,28.266666666666666,931.5416666666666,31.945833333333336,18.970833333333335,35.125,8.387500000000001,84
2024-12-30,40.458333333333336,39.72083333333333,1220.125,28.900000000000002,19.599999999999998,32.916666666666664,8.200000000000001,109
2024-12-31,40.02916666666667,39.079166666666666,1384.0833333333333,30.84583333333333,19.8125,34.666666666666664,6.2375,122
2025-01-01,40.68333333333333,37.52916666666667,972.75,20.754166666666666,20.408333333333335,35.083333333333336,8.125,109
2025-01-02,55.4,51.3375,1431.6666666666667,32.391666666666666,19.833333333333332,45.583333333333336,7.129166666666666,138
2025-01-03,72.95833333333333,66.60833333333333,1241.0416666666667,35.795833333333334,19.891666666666666,55.083333333333336,6.254166666666666,156
2025-01-04,69.32916666666667,51.67916666666667,776.3333333333334,36.06666666666667,20.587500000000002,54.833333333333336,9.5875,160
2025-01-05,55.06666666666666,40.22083333333333,908.6666666666666,39.32083333333333,18.075,46.833333333333336,6.6125,140
2025-01-06,35.25833333333333,31.079166666666666,1103.7083333333333,41.30833333333333,18.479166666666668,37.833333333333336,6.604166666666667,118
2025-01-07,22.954166666666666,21.925,958.9166666666666,31.349999999999998,18.829166666666666,24.416666666666668,7.670833333333333,91
2025-01-08,28.087500000000002,27.829166666666666,1175.4166666666667,37.4375,17.75,36.791666666666664,6.054166666666667,98
2025-01-09,34.52916666666667,33.829166666666666,1418.375,44.02916666666667,18.620833333333334,51.5,6.0874999999999995,105
2025-01-10,46.35833333333333,45.6875,1071.2083333333333,53.05833333333334,19.908333333333335,38.583333333333336,6.958333333333333,125
2025-01-11,45.47083333333333,45.12916666666666,1102.5,41.833333333333336,19.983333333333334,43.083333333333336,6.0249999999999995,137
2025-01-12,41.75416666666667,41.62083333333333,1100.9583333333333,35.40833333333333,19.9375,34.625,8.583333333333334,138
2025-01-13,53.9375,53.12083333333334,893.7083333333334,13.700000000000001,18.733333333333334,41.375,12.799999999999999,146
2025-01-14,57.770833333333336,55.854166666666664,951.75,30.587500000000002,18.354166666666668,52.375,8.041666666666666,150
2025-01-15,61.24166666666667,55.60833333333333,1064.6666666666667,37.358333333333334,19.416666666666668,52.541666666666664,7.170833333333333,151
2025-01-16,78.47500000000001,69.3,1367.6666666666667,45.82916666666667,18.875,54.166666666666664,6.295833333333333,157
2025-01-17,42.329166666666666,37.275,769.4583333333334,22.52916666666667,19.383333333333333,39.25,11.737499999999999,157
2025-01-18,45.75,43.68333333333334,782.7916666666666,19.833333333333332,19.775000000000002,35.083333333333336,11.4375,120
2025-01-19,47.62916666666666,46.44583333333333,1000.9166666666666,25.979166666666668,19.829166666666666,33.583333333333336,7.5375000000000005,127
2025-01-20,57.62916666666666,56.425000000000004,1320.125,29.395833333333332,20.349999999999998,39.291666666666664,8.633333333333333,150
2025-01-21,53.025,49.11666666666667,1226.2083333333333,27.354166666666668,19.695833333333333,50.416666666666664,7.3374999999999995,150
2025-01-22,41.12916666666667,30.96666666666667,728.875,27.65833333333333,20.608333333333334,60.083333333333336,7.7749999999999995,134
2025-01-23,38.175000000000004,31.825,657.25,30.104166666666668,20.599999999999998,36.125,8.358333333333333,105
2025-01-24,19.645833333333332,16.204166666666666,640.8333333333334,17.0125,20.495833333333334,25.125,11.295833333333334,92
2025-01-25,26.008333333333336,22.575,1166.7083333333333,29.991666666666664,20.404166666666665,27.875,8.445833333333333,82
2025-01-26,39.075,34.09583333333333,967.8333333333334,46.458333333333336,19.604166666666668,40.416666666666664,6.920833333333333,103
2025-01-27,44.62083333333334,38.50833333333333,970.5833333333334,46.9625,19.837500000000002,62.916666666666664,6.391666666666667,110
2025-01-28,33.583333333333336,31.016666666666666,803.0,42.391666666666666,19.837500000000002,75.29166666666667,6.704166666666667,108
2025-01-29,40.12083333333333,22.116666666666664,543.3333333333334,24.34166666666667,21.45,80.5,8.683333333333334,90
2025-01-30,74.84166666666667,33.324999999999996,591.0833333333334,22.166666666666668,21.45,51.583333333333336,8.404166666666667,95
2025-01-31,91.175,34.170833333333334,429.1666666666667,18.3875,19.404166666666665,29.0,11.4625,106
2025-02-01,102.58333333333333,43.708333333333336,666.75,35.99583333333333,18.816666666666666,43.916666666666664,7.4125000000000005,119
2025-02-02,30.962500000000002,24.616666666666664,678.0416666666666,25.099999999999998,20.783333333333335,26.75,9.054166666666667,121
2025-02-03,35.42916666666667,27.349999999999998,648.4166666666666,15.295833333333334,20.662499999999998,33.416666666666664,9.570833333333333,109
2025-02-04,34.520833333333336,18.3125,481.5833333333333,16.379166666666666,20.787499999999998,49.458333333333336,10.095833333333333,83
2025-02-05,37.583333333333336,22.370833333333334,731.8333333333334,29.34583333333333,20.141666666666666,43.541666666666664,7.7625,74
2025-02-06,31.71666666666667,24.441666666666666,746.4583333333334,34.00416666666667,21.108333333333334,29.166666666666668,9.4125,84
2025-02-07,25.275000000000002,18.008333333333333,563.375,21.116666666666667,22.78333333333333,18.333333333333332,10.504166666666666,76
2025-02-08,37.5375,29.712500000000002,801.9583333333334,27.27916666666667,21.95,26.958333333333332,8.5375,96
2025-02-09,38.233333333333334,35.71666666666667,864.3333333333334,35.0,21.116666666666667,39.041666666666664,7.429166666666667,121
2025-02-10,28.829166666666666,26.229166666666668,551.5416666666666,23.858333333333334,21.479166666666668,71.25,9.191666666666666,101
2025-02-11,79.67916666666666,29.516666666666666,447.9166666666667,18.0375,23.0125,75.95833333333333,10.454166666666667,86
2025-02-12,114.40416666666665,50.79583333333333,853.2083333333334,34.93333333333333,23.258333333333336,58.75,7.020833333333333,135
2025-02-13,85.99583333333334,49.95416666666667,989.7083333333334,42.07083333333333,23.145833333333332,47.833333333333336,6.554166666666667,150
2025-02-14,57.6,27.462500000000002,428.8333333333333,22.55,23.979166666666668,65.25,10.375,136
2025-02-15,67.01666666666667,29.412499999999998,359.7083333333333,16.983333333333334,24.7375,66.875,12.775,87
2025-02-16,57.375,24.620833333333334,424.6666666666667,17.275000000000002,24.758333333333336,67.75,10.466666666666667,87
2025-02-17,50.85,27.395833333333332,774.4583333333334,28.320833333333336,25.224999999999998,60.375,7.254166666666666,108
2025-02-18,50.9375,22.308333333333334,603.6666666666666,24.245833333333334,25.34583333333333,61.125,8.9625,91
2025-02-19,49.00416666666666,18.708333333333332,343.0,13.424999999999999,25.5,61.25,14.212499999999999,72
2025-02-20,120.53750000000001,35.96666666666667,641.4166666666666,24.379166666666666,25.883333333333336,46.791666666666664,8.0625,98
2025-02-21,128.275,48.15,1043.125,35.71666666666667,24.729166666666668,46.5,5.6375,127
2025-02-22,55.10833333333333,36.55416666666667,883.4583333333334,35.125,23.712500000000002,44.125,7.325,141
2025-02-23,42.69166666666666,30.3,655.4583333333334,31.15833333333333,22.96666666666667,74.79166666666667,7.133333333333333,105
2025-02-24,47.979166666666664,22.808333333333334,627.9166666666666,34.074999999999996,23.34583333333333,79.58333333333333,6.75,89
2025-02-25,79.82916666666667,34.00833333333333,881.5833333333334,47.02916666666667,24.241666666666664,65.83333333333333,5.670833333333333,96
2025-02-26,51.52916666666667,21.833333333333332,555.75,37.77916666666667,24.15833333333333,69.70833333333333,6.808333333333334,97
2025-02-27,28.075,16.570833333333333,365.6666666666667,23.65833333333333,23.516666666666666,80.08333333333333,9.616666666666667,71
2025-02-28,59.40833333333333,28.020833333333332,299.5416666666667,12.950000000000001,24.2625,74.41666666666667,14.954166666666666,84
2025-03-01,56.57916666666667,29.229166666666668,427.3333333333333,17.608333333333334,24.008333333333336,70.875,10.858333333333334,96
2025-03-02,43.050000000000004,27.391666666666666,608.1666666666666,22.079166666666666,22.683333333333334,69.0,8.525,128
2025-03-03,74.97500000000001,27.916666666666668,363.625,14.929166666666667,24.191666666666666,71.625,12.075000000000001,83
2025-03-04,102.96249999999999,36.358333333333334,582.5416666666666,25.941666666666666,24.21666666666667,31.208333333333332,7.954166666666667,116
2025-03-05,36.375,21.120833333333334,600.0416666666666,23.4875,23.09583333333333,23.166666666666668,8.379166666666666,109
2025-03-06,33.46666666666667,20.3625,547.4583333333334,25.054166666666664,24.754166666666666,57.125,9.029166666666667,89
2025-03-07,46.30416666666667,22.666666666666668,753.875,25.474999999999998,26.104166666666668,54.833333333333336,7.541666666666667,111
2025-03-08,69.52083333333333,22.820833333333336,524.5,20.354166666666668,28.008333333333336,41.541666666666664,9.820833333333333,78
2025-03-09,59.275,27.7375,619.2916666666666,28.662499999999998,28.666666666666668,41.75,8.008333333333333,143
2025-03-10,45.24583333333334,25.429166666666664,697.9583333333334,34.199999999999996,28.5,42.666666666666664,8.0,86
2025-03-11,32.1,22.558333333333334,680.5,36.829166666666666,27.454166666666666,48.5,8.095833333333333,82
2025-03-12,26.891666666666666,18.25,524.0416666666666,25.204166666666666,26.866666666666664,62.375,9.141666666666667,72
2025-03-13,30.537499999999998,15.5875,412.25,16.537499999999998,27.795833333333334,62.541666666666664,11.85,63
2025-03-14,66.83749999999999,24.5625,344.6666666666667,12.870833333333332,27.55,60.958333333333336,14.433333333333332,76
2025-03-15,66.58749999999999,28.854166666666668,450.9583333333333,16.570833333333333,27.008333333333336,49.25,9.716666666666667,133
2025-03-16,64.0,26.395833333333332,509.25,20.941666666666666,26.787499999999998,43.166666666666664,9.741666666666667,120
2025-03-17,58.99166666666667,29.108333333333334,574.875,35.00833333333333,26.3625,43.791666666666664,8.9625,95
2025-03-18,37.199999999999996,16.533333333333335,644.0833333333334,21.308333333333334,25.454166666666666,62.416666666666664,8.229166666666666,86
2025-03-19,26.8,14.370833333333332,442.25,17.658333333333335,25.679166666666664,65.20833333333333,11.083333333333334,65
2025-03-20,28.849999999999998,15.920833333333334,445.0,17.7,26.241666666666664,69.75,9.9625,97
2025-03-21,34.7875,18.316666666666666,540.0,18.6125,26.775000000000002,64.5,9.520833333333334,107
2025-03-22,42.42916666666667,20.875,501.2916666666667,19.816666666666666,26.75,64.41666666666667,9.737499999999999,87
2025-03-23,18.599999999999998,13.85,468.5416666666667,22.545833333333334,27.8,52.916666666666664,9.9375,90
2025-03-24,12.154166666666667,9.916666666666666,394.7083333333333,19.766666666666666,27.545833333333334,45.833333333333336,11.791666666666666,80
2025-03-25,19.575,13.979166666666666,329.4583333333333,17.2625,25.650000000000002,71.95833333333333,11.929166666666667,70
2025-03-26,28.179166666666664,15.883333333333333,349.8333333333333,14.945833333333333,26.03333333333333,70.0,12.929166666666667,115
2025-03-27,82.35833333333333,27.170833333333334,414.9583333333333,14.679166666666667,27.1375,42.208333333333336,11.441666666666668,111
2025-03-28,93.35833333333333,27.454166666666666,549.2916666666666,22.608333333333334,26.183333333333334,23.625,9.820833333333333,158
2025-03-29,55.916666666666664,28.587500000000002,776.4166666666666,34.61666666666667,26.945833333333336,22.458333333333332,7.654166666666666,120
2025-03-30,38.6,21.579166666666666,530.7083333333334,23.03333333333333,26.5,39.875,9.549999999999999,158
2025-03-31,38.50833333333333,19.0,627.3333333333334,22.583333333333332,26.045833333333334,65.54166666666667,8.108333333333333,119
2025-04-01,62.512499999999996,25.320833333333336,588.625,27.433333333333334,27.1375,62.375,7.9875,134
2025-04-02,44.02916666666667,25.825,689.0,34.99583333333333,27.104166666666668,60.541666666666664,6.879166666666666,131
2025-04-03,37.3,22.545833333333334,571.5,29.1375,27.337500000000002,65.95833333333333,8.979166666666666,114
2025-04-04,29.087500000000002,18.879166666666666,646.0833333333334,26.40416666666667,27.958333333333332,61.208333333333336,8.708333333333334,156
2025-04-05,14.7125,11.245833333333332,402.2916666666667,18.0625,28.46666666666667,60.666666666666664,11.008333333333333,87
2025-04-06,28.695833333333336,12.245833333333332,348.625,13.516666666666666,30.258333333333336,42.166666666666664,15.275,74
2025-04-07,21.34583333333333,13.295833333333334,390.5,14.65,29.133333333333336,54.291666666666664,14.058333333333332,80
2025-04-08,37.69166666666667,22.745833333333334,450.5833333333333,20.5625,28.016666666666666,71.5,9.5375,81
2025-04-09,41.84166666666667,21.045833333333334,449.9583333333333,21.412499999999998,27.666666666666668,76.58333333333333,9.85,75
2025-04-10,35.22083333333333,17.1625,308.375,15.816666666666668,27.6875,77.375,11.887500000000001,69
2025-04-11,47.68333333333334,22.391666666666666,347.2083333333333,14.529166666666667,28.008333333333336,76.95833333333333,11.733333333333334,72
2025-04-12,48.38333333333333,21.641666666666666,379.5416666666667,15.112499999999999,29.4375,65.54166666666667,10.737499999999999,76
2025-04-13,32.270833333333336,15.762500000000001,294.4166666666667,10.575000000000001,28.59166666666667,72.70833333333333,13.683333333333332,71
2025-04-14,29.429166666666664,15.954166666666666,287.1666666666667,10.450000000000001,28.28333333333333,76.29166666666667,16.291666666666668,59
2025-04-15,37.0,17.745833333333334,279.7083333333333,10.483333333333333,28.704166666666666,77.08333333333333,14.804166666666667,64
2025-04-16,41.791666666666664,18.662499999999998,281.8333333333333,9.9125,29.008333333333336,71.875,14.549999999999999,65
2025-04-17,31.425,14.716666666666667,276.5416666666667,9.816666666666666,29.349999999999998,67.29166666666667,16.783333333333335,64
2025-04-18,37.516666666666666,17.254166666666666,269.9166666666667,9.375,28.77916666666667,71.375,14.975000000000001,71
2025-04-19,209.775,52.29583333333333,314.2083333333333,9.866666666666665,29.954166666666666,60.125,13.904166666666667,136
2025-04-20,183.67499999999998,51.387499999999996,454.0,14.799999999999999,31.241666666666664,40.333333333333336,11.629166666666668,158
2025-04-21,135.11249999999998,45.1,471.9166666666667,18.116666666666667,30.25,44.541666666666664,9.970833333333333,140
2025-04-22,89.41666666666667,34.65,532.8333333333334,19.945833333333333,29.329166666666666,59.291666666666664,7.879166666666666,137
2025-04-23,81.21249999999999,28.833333333333332,440.0416666666667,17.129166666666666,28.958333333333332,66.375,9.404166666666667,98
2025-04-24,44.59583333333333,20.900000000000002,383.5833333333333,14.533333333333333,29.075,69.5,11.516666666666666,97
2025-04-25,54.17083333333333,22.504166666666666,405.2083333333333,14.720833333333333,28.8625,75.70833333333333,9.3,84
2025-04-26,69.31666666666666,25.849999999999998,369.7083333333333,18.104166666666668,31.095833333333335,56.416666666666664,11.625,121
2025-04-27,71.2625,28.212500000000002,409.0416666666667,18.658333333333335,30.383333333333336,62.625,10.408333333333333,88
2025-04-28,47.9,22.233333333333334,367.8333333333333,15.362499999999999,30.941666666666666,59.791666666666664,11.929166666666667,84
2025-04-29,20.395833333333332,13.508333333333333,322.3333333333333,12.870833333333332,31.59166666666667,51.666666666666664,14.725,72
2025-04-30,24.425,14.645833333333334,294.75,11.112499999999999,31.02916666666667,56.791666666666664,14.704166666666666,57
2025-05-01,25.241666666666664,15.679166666666667,282.0833333333333,10.008333333333335,30.183333333333334,65.16666666666667,14.695833333333333,58
2025-05-02,27.354166666666668,16.495833333333334,271.1666666666667,10.395833333333334,29.941666666666666,70.66666666666667,14.608333333333334,60
2025-05-03,31.308333333333334,17.333333333333332,305.0833333333333,14.924999999999999,30.09166666666667,71.41666666666667,12.279166666666667,75
2025-05-04,30.883333333333336,18.741666666666667,351.4583333333333,14.0625,30.004166666666666,71.0,11.279166666666667,64
2025-05-05,69.09166666666667,25.96666666666667,525.5,17.5125,29.729166666666668,68.91666666666667,7.445833333333333,79
2025-05-06,93.61666666666667,36.06666666666667,492.625,25.5625,29.645833333333332,74.66666666666667,8.591666666666667,140
2025-05-07,53.84166666666667,21.8875,397.125,15.641666666666666,29.75,75.75,7.695833333333333,108
2025-05-08,47.04583333333333,21.325,313.5416666666667,18.995833333333334,29.587500000000002,75.66666666666667,7.191666666666666,75
2025-05-09,70.41250000000001,28.429166666666664,341.0,16.466666666666665,29.829166666666666,72.0,8.275,85
2025-05-10,69.45,29.583333333333332,275.8333333333333,13.6,30.037499999999998,70.16666666666667,11.066666666666668,87
2025-05-11,77.57083333333334,33.90833333333333,259.2916666666667,10.458333333333334,29.695833333333336,76.04166666666667,12.924999999999999,95
2025-05-12,75.21249999999999,30.666666666666668,240.25,9.25,29.474999999999998,76.41666666666667,13.775,107
2025-05-13,37.4375,19.645833333333332,244.75,9.6875,29.5625,77.0,12.604166666666666,90
2025-05-14,45.25833333333333,22.504166666666666,294.3333333333333,12.629166666666668,30.462500000000002,75.66666666666667,10.737499999999999,75
2025-05-15,44.94166666666666,21.754166666666666,314.8333333333333,15.566666666666668,30.458333333333332,75.70833333333333,10.345833333333333,83
2025-05-16,37.31666666666667,19.516666666666666,289.0,14.470833333333333,30.145833333333332,79.29166666666667,11.179166666666667,71
2025-05-17,37.87083333333333,18.412499999999998,250.20833333333334,12.541666666666666,30.1375,74.75,11.991666666666667,66
2025-05-18,33.737500000000004,16.883333333333333,256.0833333333333,11.8125,30.15416666666667,73.33333333333333,10.216666666666667,64
2025-05-19,40.045833333333334,18.474999999999998,222.625,11.391666666666666,30.008333333333336,72.625,12.129166666666668,63
2025-05-20,69.88333333333334,23.045833333333334,208.41666666666666,8.483333333333333,30.379166666666666,70.875,13.720833333333333,73
2025-05-21,105.09583333333335,27.40833333333333,218.95833333333334,8.9125,30.208333333333332,72.66666666666667,13.975,82
2025-05-22,83.22500000000001,22.941666666666666,221.79166666666666,10.112499999999999,29.9375,74.70833333333333,13.737499999999999,83
2025-05-23,54.175000000000004,18.754166666666666,211.66666666666666,10.4625,30.195833333333336,73.95833333333333,14.970833333333333,73
2025-05-24,57.24583333333334,21.72083333333333,209.125,8.737499999999999,30.55,72.66666666666667,15.445833333333333,70
2025-05-25,68.5625,27.670833333333334,213.08333333333334,8.670833333333333,30.925,75.0,14.529166666666667,83
2025-05-26,62.32083333333333,28.395833333333332,222.375,10.029166666666667,31.25,74.0,14.245833333333332,86
2025-05-27,47.43333333333334,22.8625,211.83333333333334,8.291666666666666,30.787499999999998,74.625,16.008333333333333,85
2025-05-28,67.37916666666666,26.77916666666667,275.0833333333333,11.329166666666666,30.833333333333332,78.5,13.1,81
2025-05-29,126.78750000000001,33.958333333333336,386.5,12.829166666666666,32.324999999999996,66.25,11.045833333333334,116
2025-05-30,149.11666666666667,38.17916666666667,256.9166666666667,9.083333333333334,32.6,58.791666666666664,18.041666666666668,112
2025-05-31,136.88333333333333,35.00416666666667,234.41666666666666,7.0625,31.34583333333333,72.70833333333333,18.183333333333334,107
2025-06-01,141.975,36.333333333333336,289.375,9.583333333333334,31.925,64.75,15.258333333333333,102
2025-06-02,188.15833333333333,43.34166666666667,253.58333333333334,8.979166666666666,30.65416666666667,75.20833333333333,15.549999999999999,119
2025-06-03,90.02083333333333,29.6125,245.875,8.170833333333333,29.849999999999998,79.04166666666667,15.933333333333332,122
2025-06-04,84.20416666666667,29.2,217.625,8.666666666666666,30.099999999999998,73.875,15.283333333333333,94
2025-06-05,72.89583333333333,24.416666666666668,211.5,8.991666666666667,30.2625,69.625,12.716666666666667,87
2025-06-06,65.8125,25.3875,197.25,8.575000000000001,30.391666666666666,68.0,14.262500000000001,79
2025-06-07,67.27083333333333,24.308333333333334,187.375,7.904166666666666,29.9375,70.625,16.9875,79
2025-06-08,53.30416666666667,21.95,194.0,7.708333333333333,30.0,70.66666666666667,16.466666666666665,76
2025-06-09,50.145833333333336,22.554166666666664,191.08333333333334,8.104166666666666,30.025000000000002,69.58333333333333,16.945833333333333,75
2025-06-10,48.1875,20.770833333333332,196.45833333333334,7.070833333333333,30.34583333333333,67.91666666666667,17.829166666666666,72
2025-06-11,48.083333333333336,21.537499999999998,199.83333333333334,7.541666666666667,30.383333333333336,71.29166666666667,16.6375,70
2025-06-12,35.604166666666664,17.558333333333334,197.125,8.095833333333333,30.304166666666664,76.45833333333333,15.754166666666668,70
2025-06-13,52.88333333333333,20.1625,242.125,10.700000000000001,30.745833333333334,79.625,13.316666666666668,67
2025-06-14,105.69583333333333,31.058333333333334,308.8333333333333,13.820833333333333,30.395833333333332,82.33333333333333,11.1,90
2025-06-15,126.3625,34.050000000000004,339.3333333333333,15.8125,30.304166666666664,79.79166666666667,8.670833333333333,98
2025-06-16,117.09583333333335,40.545833333333334,339.5,27.645833333333332,31.854166666666668,74.16666666666667,7.5625,125
2025-06-17,100.62083333333334,33.025,289.4583333333333,16.291666666666668,31.895833333333332,74.54166666666667,11.095833333333333,113
2025-06-18,47.85833333333333,22.0,214.45833333333334,7.2749999999999995,30.541666666666668,77.33333333333333,17.691666666666666,95
2025-06-19,48.395833333333336,20.3625,197.91666666666666,6.083333333333333,30.3125,75.83333333333333,21.337500000000002,71
2025-06-20,50.9625,21.158333333333335,224.66666666666666,7.508333333333333,30.008333333333336,81.79166666666667,18.629166666666666,69
2025-06-21,43.6,20.054166666666667,226.25,8.362499999999999,30.054166666666664,82.91666666666667,17.129166666666666,70
2025-06-22,57.23333333333333,23.133333333333336,245.125,10.458333333333334,29.920833333333334,81.0,14.670833333333334,73
2025-06-23,64.375,26.604166666666668,241.33333333333334,11.012500000000001,30.233333333333334,79.625,13.35,80
2025-06-24,85.29583333333333,30.3125,260.9166666666667,10.979166666666666,30.291666666666668,79.29166666666667,12.275,92
2025-06-25,83.03333333333333,32.25,367.2083333333333,16.304166666666667,29.958333333333332,78.58333333333333,9.408333333333333,93
2025-06-26,96.22500000000001,30.058333333333334,409.625,17.104166666666668,30.90833333333333,77.08333333333333,6.816666666666666,93
2025-06-27,71.84166666666667,34.27916666666667,502.0416666666667,26.825,29.7625,81.95833333333333,8.0625,97
2025-06-28,46.74583333333334,23.020833333333332,436.8333333333333,16.845833333333335,27.96666666666667,88.58333333333333,11.279166666666667,97
2025-06-29,26.429166666666664,15.125,332.5416666666667,16.441666666666666,28.912499999999998,84.45833333333333,12.1,74
2025-06-30,61.583333333333336,24.412499999999998,257.3333333333333,12.254166666666668,29.829166666666666,81.54166666666667,16.408333333333335,76
2025-07-01,56.770833333333336,23.420833333333334,246.5,10.929166666666667,29.84583333333333,81.54166666666667,14.333333333333334,77
2025-07-02,68.82083333333334,23.075,250.08333333333334,11.520833333333334,29.791666666666668,81.125,13.570833333333333,74
2025-07-03,84.2375,27.691666666666666,322.25,16.370833333333334,29.929166666666664,80.375,10.450000000000001,83
2025-07-04,84.57916666666667,29.058333333333334,286.5416666666667,16.554166666666667,30.3875,78.41666666666667,9.987499999999999,86
2025-07-05,93.98333333333333,33.27916666666667,242.29166666666666,11.195833333333333,30.929166666666664,75.625,11.7875,96
2025-07-06,77.71249999999999,27.9875,228.54166666666666,11.658333333333333,30.575,76.25,14.2125,95
2025-07-07,92.66666666666667,33.829166666666666,313.7916666666667,19.412499999999998,30.40833333333333,76.375,8.945833333333333,97
2025-07-08,100.04583333333333,34.800000000000004,312.8333333333333,16.554166666666667,30.695833333333336,74.45833333333333,9.2125,98
2025-07-09,91.84583333333335,32.604166666666664,265.25,15.475,30.495833333333334,77.58333333333333,11.025,99
2025-07-10,99.40416666666665,32.37916666666667,270.4166666666667,16.195833333333333,30.212500000000002,76.875,10.445833333333333,94
2025-07-11,76.96666666666667,27.9875,259.0416666666667,15.391666666666666,30.40416666666667,75.79166666666667,11.070833333333333,94
2025-07-12,73.87083333333334,25.47083333333333,233.08333333333334,12.762500000000001,30.145833333333332,74.33333333333333,12.941666666666668,84
2025-07-13,79.7625,24.620833333333334,223.625,9.770833333333334,29.916666666666668,74.95833333333333,15.2125,79
2025-07-14,85.36666666666667,25.212500000000002,220.0,9.0375,29.8625,77.70833333333333,15.629166666666668,79
2025-07-15,82.0625,29.287499999999998,234.16666666666666,11.591666666666667,29.895833333333332,74.16666666666667,12.666666666666666,86
2025-07-16,74.47083333333333,27.858333333333334,242.875,11.620833333333332,29.854166666666668,73.0,11.729166666666666,90
2025-07-17,76.37916666666666,28.15833333333333,254.875,11.320833333333333,29.679166666666664,76.0,12.025,87
2025-07-18,68.875,26.008333333333336,248.54166666666666,10.5625,28.55,78.33333333333333,9.6,84
