timestamp,temperature,humidity,wind_speed,pm10,pm25,carbon_monoxide,nitrogen_dioxide,aqi
2026-09-30 03:00:00+05:00,25.8,81,7.5,90.6,28.4,274.0,22.0,104
2026-09-30 04:00:00+05:00,25.5,83,7.6,90.8,28.2,248.0,18.8,103
2026-09-30 05:00:00+05:00,25.3,85,6.4,99.4,29.8,257.0,14.0,103
2026-09-30 06:00:00+05:00,25.0,86,5.9,102.7,31.7,349.0,16.5,103
2026-09-30 07:00:00+05:00,25.1,86,5.5,107.1,37.0,478.0,19.9,103
2026-09-30 08:00:00+05:00,26.6,77,6.3,156.0,40.6,540.0,20.8,102
2026-09-30 09:00:00+05:00,28.1,68,8.9,174.6,41.7,468.0,17.1,103
2026-09-30 10:00:00+05:00,29.3,61,10.7,186.7,45.1,330.0,11.1,103
2026-09-30 11:00:00+05:00,30.1,58,11.7,177.4,44.7,227.0,6.4,103
2026-09-30 12:00:00+05:00,30.3,57,12.5,163.4,42.8,201.0,4.6,103
2026-09-30 13:00:00+05:00,30.1,58,13.9,150.4,40.2,210.0,4.2,103
2026-09-30 14:00:00+05:00,30.0,56,14.0,139.7,37.6,225.0,4.5,102
2026-09-30 15:00:00+05:00,29.7,58,13.9,134.1,35.9,242.0,5.5,102
2026-09-30 16:00:00+05:00,29.2,60,13.4,129.5,34.6,266.0,7.3,101
2026-09-30 17:00:00+05:00,28.9,61,13.0,142.0,38.8,282.0,10.0,102
2026-09-30 18:00:00+05:00,27.8,66,11.2,127.6,36.7,281.0,12.9,101
2026-09-30 19:00:00+05:00,27.3,69,9.4,113.9,34.6,271.0,16.9,101
2026-09-30 20:00:00+05:00,27.1,70,8.8,104.3,33.2,263.0,20.6,101
2026-09-30 21:00:00+05:00,26.8,72,9.0,95.0,32.5,264.0,24.1,101
2026-09-30 22:00:00+05:00,26.6,74,9.1,87.3,31.0,266.0,27.3,101
2026-09-30 23:00:00+05:00,26.4,76,9.2,82.0,29.6,257.0,28.3,100
2026-10-01 00:00:00+05:00,26.1,78,9.2,76.8,27.9,227.0,25.5,100
2026-10-01 01:00:00+05:00,25.8,80,9.0,71.9,26.1,186.0,20.4,99
2026-10-01 02:00:00+05:00,25.6,81,9.2,67.3,24.3,156.0,16.1,99
2026-10-01 03:00:00+05:00,25.5,82,9.6,64.3,23.0,140.0,13.4,99
2026-10-01 04:00:00+05:00,25.4,82,9.6,63.6,22.2,136.0,11.5,98
2026-10-01 05:00:00+05:00,25.6,83,9.8,65.2,20.6,152.0,8.9,98
2026-10-01 06:00:00+05:00,25.4,84,9.4,64.7,20.9,211.0,10.7,97
2026-10-01 07:00:00+05:00,25.7,83,9.8,67.1,23.5,291.0,13.0,96
2026-10-01 08:00:00+05:00,27.1,73,11.8,95.0,26.4,337.0,13.9,95
2026-10-01 09:00:00+05:00,28.3,67,11.8,110.4,29.4,313.0,11.9,94
2026-10-01 10:00:00+05:00,29.3,62,12.1,120.1,31.9,255.0,8.5,93
2026-10-01 11:00:00+05:00,30.5,56,12.0,128.1,34.5,212.0,5.8,92
2026-10-01 12:00:00+05:00,30.8,56,12.7,127.1,35.3,203.0,4.6,91
2026-10-01 13:00:00+05:00,31.1,54,13.2,125.3,35.3,210.0,4.2,90
2026-10-01 14:00:00+05:00,31.0,54,13.8,121.5,34.8,221.0,4.5,90
2026-10-01 15:00:00+05:00,30.5,56,13.9,117.8,34.3,238.0,5.7,90
2026-10-01 16:00:00+05:00,29.7,61,13.3,110.6,33.2,260.0,7.6,90
2026-10-01 17:00:00+05:00,29.3,62,13.1,108.3,33.2,276.0,10.6,90
2026-10-01 18:00:00+05:00,28.1,68,12.5,102.7,32.2,281.0,13.6,89
2026-10-01 19:00:00+05:00,27.4,72,11.2,94.1,31.1,281.0,17.8,89
2026-10-01 20:00:00+05:00,27.0,75,10.1,86.6,30.5,276.0,21.5,89
2026-10-01 21:00:00+05:00,26.7,77,9.6,74.0,28.1,268.0,24.5,88
2026-10-01 22:00:00+05:00,26.4,79,9.0,67.1,27.2,257.0,26.9,88
2026-10-01 23:00:00+05:00,26.5,80,11.5,61.2,26.2,239.0,27.2,88
2026-10-02 00:00:00+05:00,26.3,83,11.3,55.2,24.4,209.0,23.9,87
2026-10-02 01:00:00+05:00,26.1,84,10.3,49.9,22.4,173.0,18.6,87
2026-10-02 02:00:00+05:00,26.1,84,11.0,45.9,20.6,147.0,14.1,87
2026-10-02 03:00:00+05:00,26.0,84,10.6,43.4,19.4,133.0,11.5,87
2026-10-02 04:00:00+05:00,25.6,86,10.2,42.6,18.7,129.0,9.8,86
2026-10-02 05:00:00+05:00,25.4,88,10.7,50.1,20.3,145.0,8.1,86
2026-10-02 06:00:00+05:00,25.2,90,11.0,52.3,21.0,202.0,10.7,86
2026-10-02 07:00:00+05:00,25.3,89,10.7,55.3,23.6,280.0,14.1,86
2026-10-02 08:00:00+05:00,26.8,80,12.4,73.6,25.8,325.0,15.7,86
2026-10-02 09:00:00+05:00,28.3,71,11.0,82.0,27.8,305.0,13.7,86
2026-10-02 10:00:00+05:00,29.6,65,11.9,87.5,29.8,252.0,9.9,86
2026-10-02 11:00:00+05:00,31.0,61,13.3,92.7,31.9,212.0,6.9,86
2026-10-02 12:00:00+05:00,31.6,56,14.1,91.7,32.7,202.0,5.5,85
2026-10-02 13:00:00+05:00,32.0,52,14.5,90.6,32.6,206.0,4.8,85
2026-10-02 14:00:00+05:00,32.0,52,14.3,88.7,31.9,219.0,5.1,85
2026-10-02 15:00:00+05:00,31.6,52,13.9,85.4,31.3,247.0,6.5,85
2026-10-02 16:00:00+05:00,30.7,57,13.4,79.4,30.4,285.0,8.8,85
2026-10-02 17:00:00+05:00,29.9,63,12.8,98.7,33.8,315.0,11.8,84
2026-10-02 18:00:00+05:00,28.2,73,10.9,88.7,32.9,330.0,16.3,84
2026-10-02 19:00:00+05:00,27.2,81,9.9,77.5,31.7,337.0,22.6,84
2026-10-02 20:00:00+05:00,26.9,85,9.4,68.2,30.7,334.0,27.1,85
2026-10-02 21:00:00+05:00,26.6,87,7.6,58.6,27.9,321.0,28.7,85
2026-10-02 22:00:00+05:00,26.2,89,7.4,52.0,26.0,300.0,28.6,85
2026-10-02 23:00:00+05:00,26.3,90,8.4,47.3,24.4,271.0,26.8,84
2026-10-03 00:00:00+05:00,26.0,91,10.2,42.7,22.5,230.0,22.6,84
2026-10-03 01:00:00+05:00,25.8,92,10.6,38.4,20.3,181.0,16.7,84
2026-10-03 02:00:00+05:00,25.6,92,12.1,34.8,18.2,146.0,12.0,84
2026-10-03 03:00:00+05:00,25.6,92,13.0,32.6,16.8,129.0,9.3,84
2026-10-03 04:00:00+05:00,25.5,93,13.1,30.9,15.8,125.0,7.8,84
2026-10-03 05:00:00+05:00,26.0,91,13.6,31.0,15.6,140.0,7.5,83
2026-10-03 06:00:00+05:00,26.0,90,13.0,30.5,15.5,190.0,9.8,83
2026-10-03 07:00:00+05:00,26.2,87,13.0,31.8,16.9,259.0,12.7,83
2026-10-03 08:00:00+05:00,27.6,81,13.7,41.4,18.2,298.0,14.0,82
2026-10-03 09:00:00+05:00,28.9,74,14.4,62.6,21.6,278.0,11.9,81
2026-10-03 10:00:00+05:00,30.0,69,15.7,82.2,24.8,229.0,8.0,81
2026-10-03 11:00:00+05:00,31.1,64,16.6,97.8,27.6,192.0,5.1,81
2026-10-03 12:00:00+05:00,31.5,61,17.5,96.6,27.6,184.0,4.0,80
2026-10-03 13:00:00+05:00,31.9,57,17.5,88.0,26.1,189.0,3.7,80
2026-10-03 14:00:00+05:00,31.8,56,17.6,70.1,22.9,201.0,4.3,79
2026-10-03 15:00:00+05:00,31.3,58,16.9,54.6,19.8,222.0,5.8,79
2026-10-03 16:00:00+05:00,30.5,64,16.0,39.7,16.6,251.0,8.0,78
2026-10-03 17:00:00+05:00,30.0,66,16.8,28.5,13.3,273.0,10.4,77
2026-10-03 18:00:00+05:00,28.7,71,14.3,22.5,12.3,284.0,13.1,75
2026-10-03 19:00:00+05:00,28.0,77,12.1,19.8,12.2,288.0,16.6,73
2026-10-03 20:00:00+05:00,27.9,77,11.7,19.3,12.6,287.0,18.8,72
2026-10-03 21:00:00+05:00,27.6,80,10.0,18.9,12.6,282.0,18.4,70
2026-10-03 22:00:00+05:00,27.4,80,11.2,18.8,12.7,270.0,16.6,69
2026-10-03 23:00:00+05:00,27.5,77,13.3,15.4,10.7,250.0,14.4,68
2026-10-04 00:00:00+05:00,27.1,79,13.9,14.1,9.8,212.0,11.8,67
2026-10-04 01:00:00+05:00,26.9,80,13.4,13.2,9.0,164.0,8.9,66
2026-10-04 02:00:00+05:00,26.7,80,13.3,12.9,8.6,130.0,6.6,65
2026-10-04 03:00:00+05:00,26.7,79,12.6,13.5,8.8,116.0,5.4,64
2026-10-04 04:00:00+05:00,26.6,80,12.3,14.7,9.4,115.0,5.0,64
2026-10-04 05:00:00+05:00,26.9,80,12.8,16.8,10.0,129.0,4.7,63
2026-10-04 06:00:00+05:00,26.8,80,12.7,18.4,11.0,174.0,6.4,63
2026-10-04 07:00:00+05:00,27.0,79,13.1,21.1,12.8,234.0,8.6,63
2026-10-04 08:00:00+05:00,28.2,73,14.0,28.9,16.5,266.0,9.6,62
2026-10-04 09:00:00+05:00,29.6,65,16.6,43.0,19.9,242.0,8.0,62
2026-10-04 10:00:00+05:00,30.5,60,17.8,54.7,22.4,190.0,5.2,62
2026-10-04 11:00:00+05:00,31.3,60,18.9,60.5,23.6,152.0,3.0,62
2026-10-04 12:00:00+05:00,31.3,62,18.9,55.4,22.8,144.0,2.3,61
2026-10-04 13:00:00+05:00,31.3,63,18.5,47.4,21.2,149.0,2.2,61
2026-10-04 14:00:00+05:00,31.0,65,18.0,41.1,19.8,158.0,2.6,61
2026-10-04 15:00:00+05:00,30.5,67,17.9,36.8,18.5,168.0,3.2,60
2026-10-04 16:00:00+05:00,29.7,72,17.0,31.1,16.7,181.0,4.3,60
2026-10-04 17:00:00+05:00,29.4,71,16.8,39.9,20.5,194.0,5.7,60
2026-10-04 18:00:00+05:00,28.5,76,15.5,35.7,19.4,210.0,7.5,61
2026-10-04 19:00:00+05:00,27.9,79,15.2,27.5,16.2,226.0,10.0,61
2026-10-04 20:00:00+05:00,27.6,82,12.3,23.4,14.8,235.0,11.7,62
2026-10-04 21:00:00+05:00,27.5,83,13.5,22.4,14.6,233.0,12.2,62
2026-10-04 22:00:00+05:00,27.4,84,13.4,21.7,14.4,223.0,12.0,62
2026-10-04 23:00:00+05:00,27.3,84,13.4,21.0,14.0,208.0,11.3,62
2026-10-05 00:00:00+05:00,26.9,86,13.2,19.8,13.1,182.0,9.7,62
2026-10-05 01:00:00+05:00,26.9,86,12.4,18.9,11.9,151.0,7.6,63
2026-10-05 02:00:00+05:00,26.8,86,12.0,18.3,10.9,129.0,6.0,63
2026-10-05 03:00:00+05:00,26.6,87,11.9,18.3,10.2,117.0,5.1,63
2026-10-05 04:00:00+05:00,26.5,88,10.9,19.1,10.2,114.0,4.6,63
2026-10-05 05:00:00+05:00,26.6,89,10.5,21.9,11.1,134.0,5.1,63
2026-10-05 06:00:00+05:00,26.7,87,10.1,24.1,12.4,200.0,7.2,63
2026-10-05 07:00:00+05:00,26.8,87,10.5,28.1,15.3,289.0,9.9,64
2026-10-05 08:00:00+05:00,27.8,81,11.5,39.5,19.2,340.0,11.3,64
2026-10-05 09:00:00+05:00,29.0,72,12.4,50.2,23.9,317.0,10.0,64
2026-10-05 10:00:00+05:00,30.0,67,13.0,54.1,26.0,256.0,7.3,64
2026-10-05 11:00:00+05:00,30.5,64,13.9,56.8,27.0,211.0,5.2,65
2026-10-05 12:00:00+05:00,30.4,65,14.7,60.3,27.5,203.0,4.2,65
2026-10-05 13:00:00+05:00,30.1,67,15.1,61.2,27.7,211.0,3.7,65
2026-10-05 14:00:00+05:00,29.6,70,15.9,63.1,28.1,224.0,3.9,66
2026-10-05 15:00:00+05:00,29.4,73,15.8,61.5,27.5,241.0,5.0,66
2026-10-05 16:00:00+05:00,29.1,74,14.7,57.5,25.9,262.0,6.7,67
2026-10-05 17:00:00+05:00,29.2,73,13.2,78.7,33.4,277.0,8.1,68
2026-10-05 18:00:00+05:00,28.6,76,12.0,69.8,30.5,281.0,11.0,69
2026-10-05 19:00:00+05:00,28.2,79,9.5,57.9,27.1,279.0,15.0,70
2026-10-05 20:00:00+05:00,28.0,80,11.6,51.2,24.9,276.0,17.9,70
2026-10-05 21:00:00+05:00,27.6,83,11.3,42.1,20.9,278.0,18.9,71
2026-10-05 22:00:00+05:00,27.5,85,10.3,36.7,18.5,278.0,18.9,72
2026-10-05 23:00:00+05:00,27.2,84,10.1,32.5,16.8,270.0,17.8,72
2026-10-06 00:00:00+05:00,26.9,85,9.5,28.6,14.7,243.0,15.0,72
2026-10-06 01:00:00+05:00,26.7,86,8.3,24.8,12.7,206.0,11.1,72
2026-10-06 02:00:00+05:00,26.5,88,7.3,21.4,11.2,179.0,8.3,73
2026-10-06 03:00:00+05:00,26.4,89,8.0,18.5,10.2,161.0,7.2,73
2026-10-06 04:00:00+05:00,26.4,89,7.8,16.8,9.6,152.0,7.1,73
2026-10-06 05:00:00+05:00,26.7,89,7.6,21.5,11.0,171.0,7.5,72
2026-10-06 06:00:00+05:00,26.6,89,7.6,21.4,11.5,250.0,9.7,72
2026-10-06 07:00:00+05:00,26.7,89,7.9,25.4,13.9,358.0,12.7,72
2026-10-06 08:00:00+05:00,27.7,82,7.6,30.0,15.4,419.0,14.2,72
2026-10-06 09:00:00+05:00,29.1,74,8.1,39.2,18.1,387.0,12.8,72
2026-10-06 10:00:00+05:00,29.9,69,9.2,50.5,21.0,310.0,9.9,72
2026-10-06 11:00:00+05:00,30.4,66,9.5,59.4,23.1,251.0,7.6,71
2026-10-06 12:00:00+05:00,29.9,69,10.0,62.2,23.9,237.0,6.4,71
2026-10-06 13:00:00+05:00,30.4,67,10.1,63.6,24.3,243.0,5.8,71
2026-10-06 14:00:00+05:00,30.6,65,12.0,61.9,23.8,257.0,5.8,70
2026-10-06 15:00:00+05:00,30.0,68,13.3,58.2,22.9,281.0,6.8,70
2026-10-06 16:00:00+05:00,29.5,71,11.7,51.6,21.4,314.0,8.5,70
2026-10-06 17:00:00+05:00,29.3,73,11.7,49.7,20.7,335.0,10.3,69
2026-10-06 18:00:00+05:00,28.4,77,10.6,57.9,23.5,333.0,12.2,68
2026-10-06 19:00:00+05:00,28.2,78,10.6,38.9,18.0,320.0,14.3,68
2026-10-06 20:00:00+05:00,28.2,78,10.7,32.2,15.4,311.0,16.0,67
2026-10-06 21:00:00+05:00,28.0,79,10.9,28.6,14.5,315.0,17.4,66
2026-10-06 22:00:00+05:00,28.0,79,9.2,27.0,14.5,323.0,18.5,66
2026-10-06 23:00:00+05:00,27.7,82,7.2,27.0,14.8,321.0,18.8,65
2026-10-07 00:00:00+05:00,27.2,85,5.5,25.9,14.7,299.0,17.7,65
2026-10-07 01:00:00+05:00,26.9,88,4.9,27.2,14.7,267.0,15.9,65
2026-10-07 02:00:00+05:00,26.6,90,4.1,27.9,14.3,248.0,14.4,65
